name,url,remote_testing,adaptive_support,test_type
Global Skills Development Report,/products/product-catalog/view/global-skills-development-report/,Yes,No,"Ability & Aptitude, Assessment Exercises, Biodata & Situational Judgement, Competencies, Development & 360, Personality & Behavior"
.NET Framework 4.5,/products/product-catalog/view/net-framework-4-5/,Yes,No,Knowledge & Skills
.NET MVC (New),/products/product-catalog/view/net-mvc-new/,Yes,No,Knowledge & Skills
.NET MVVM (New),/products/product-catalog/view/net-mvvm-new/,Yes,No,Knowledge & Skills
.NET WCF (New),/products/product-catalog/view/net-wcf-new/,Yes,No,Knowledge & Skills
.NET WPF (New),/products/product-catalog/view/net-wpf-new/,Yes,No,Knowledge & Skills
.NET XAML (New),/products/product-catalog/view/net-xaml-new/,Yes,No,Knowledge & Skills
Accounts Payable (New),/products/product-catalog/view/accounts-payable-new/,Yes,No,Knowledge & Skills
Accounts Payable Simulation (New),/products/product-catalog/view/accounts-payable-simulation-new/,Yes,No,Simulations
Accounts Receivable (New),/products/product-catalog/view/accounts-receivable-new/,Yes,No,Knowledge & Skills
Accounts Receivable Simulation (New),/products/product-catalog/view/accounts-receivable-simulation-new/,Yes,No,Simulations
ADO.NET (New),/products/product-catalog/view/ado-net-new/,Yes,No,Knowledge & Skills
Adobe Experience Manager (New),/products/product-catalog/view/adobe-experience-manager-new/,Yes,No,Knowledge & Skills
Adobe Photoshop CC,/products/product-catalog/view/adobe-photoshop-cc/,Yes,No,Knowledge & Skills
Aeronautical Engineering (New),/products/product-catalog/view/aeronautical-engineering-new/,Yes,No,Knowledge & Skills
Aerospace Engineering (New),/products/product-catalog/view/aerospace-engineering-new/,Yes,No,Knowledge & Skills
Agile Software Development,/products/product-catalog/view/agile-software-development/,Yes,No,Knowledge & Skills
Agile Testing (New),/products/product-catalog/view/agile-testing-new/,Yes,No,Knowledge & Skills
AI Skills,/products/product-catalog/view/ai-skills/,Yes,No,Personality & Behavior
Amazon Web Services (AWS) Development (New),/products/product-catalog/view/amazon-web-services-aws-development-new/,Yes,No,Knowledge & Skills
Android Development (New),/products/product-catalog/view/android-development-new/,Yes,No,Knowledge & Skills
Angular 6 (New),/products/product-catalog/view/angular-6-new/,Yes,No,Knowledge & Skills
AngularJS (New),/products/product-catalog/view/angularjs-new/,Yes,No,Knowledge & Skills
Apache Hadoop (New),/products/product-catalog/view/apache-hadoop-new/,Yes,No,Knowledge & Skills
Apache Hadoop Extensions (New),/products/product-catalog/view/apache-hadoop-extensions-new/,Yes,No,Knowledge & Skills
Apache HBase (New),/products/product-catalog/view/apache-hbase-new/,Yes,No,Knowledge & Skills
Apache Hive (New),/products/product-catalog/view/apache-hive-new/,Yes,No,Knowledge & Skills
Apache Kafka (New),/products/product-catalog/view/apache-kafka-new/,Yes,No,Knowledge & Skills
Apache Pig (New),/products/product-catalog/view/apache-pig-new/,Yes,No,Knowledge & Skills
Apache Spark (New),/products/product-catalog/view/apache-spark-new/,Yes,No,Knowledge & Skills
ASP .NET with C# (New),/products/product-catalog/view/asp-net-with-c-new/,Yes,No,Knowledge & Skills
ASP.NET 4.5,/products/product-catalog/view/asp-net-4-5/,Yes,No,Knowledge & Skills
Assessment and Development Center Exercises,/products/product-catalog/view/assessment-and-development-center-exercises/,Yes,No,Assessment Exercises
Automata - Fix (New),/products/product-catalog/view/automata-fix-new/,Yes,No,Simulations
Automata - SQL (New),/products/product-catalog/view/automata-sql-new/,Yes,No,Simulations
Automata (New),/products/product-catalog/view/automata-new/,Yes,No,Simulations
Automata Data Science (New),/products/product-catalog/view/automata-data-science-new/,Yes,No,Simulations
Automata Data Science Pro (New),/products/product-catalog/view/automata-data-science-pro-new/,Yes,No,Simulations
Automata Front End,/products/product-catalog/view/automata-front-end/,Yes,No,Simulations
Automata Pro (New),/products/product-catalog/view/automata-pro-new/,Yes,No,Simulations
Automata Selenium,/products/product-catalog/view/automata-selenium/,Yes,No,Simulations
Automation Anywhere RPA Development (New),/products/product-catalog/view/automation-anywhere-rpa-development-new/,Yes,No,Knowledge & Skills
Automotive Engineering (New),/products/product-catalog/view/automotive-engineering-new/,Yes,No,Knowledge & Skills
Basic Biology (New),/products/product-catalog/view/basic-biology-new/,Yes,No,Knowledge & Skills
Basic Computer Literacy (Windows 10) (New),/products/product-catalog/view/basic-computer-literacy-windows-10-new/,Yes,No,"Simulations, Knowledge & Skills"
Basic Statistics (New),/products/product-catalog/view/basic-statistics-new/,Yes,No,Knowledge & Skills
Biochemistry (New),/products/product-catalog/view/biochemistry-new/,Yes,No,Knowledge & Skills
Biotech Lab Techniques (New),/products/product-catalog/view/biotech-lab-techniques-new/,Yes,No,Knowledge & Skills
BizTalk (New),/products/product-catalog/view/biztalk-new/,Yes,No,Knowledge & Skills
Business Communication (adaptive),/products/product-catalog/view/business-communication-adaptive/,Yes,No,Knowledge & Skills
Business Communications,/products/product-catalog/view/business-communications/,Yes,No,Knowledge & Skills
C Programming (New),/products/product-catalog/view/c-programming-new/,Yes,No,Knowledge & Skills
C# Programming (New),/products/product-catalog/view/c-programming-new-4039/,Yes,No,Knowledge & Skills
C++ Programming (New),/products/product-catalog/view/c-programming-new-4122/,Yes,No,Knowledge & Skills
Cardiology and Diabetes Management (New),/products/product-catalog/view/cardiology-and-diabetes-management-new/,Yes,No,Knowledge & Skills
Ceramic Engineering (New),/products/product-catalog/view/ceramic-engineering-new/,Yes,No,Knowledge & Skills
Chemical Engineering (New),/products/product-catalog/view/chemical-engineering-new/,Yes,No,Knowledge & Skills
Cisco AppDynamics (New),/products/product-catalog/view/cisco-appdynamics-new/,Yes,No,Knowledge & Skills
Civil Engineering (New),/products/product-catalog/view/civil-engineering-new/,Yes,No,Knowledge & Skills
Cloud Computing (New),/products/product-catalog/view/cloud-computing-new/,Yes,No,Knowledge & Skills
COBOL Programming (New),/products/product-catalog/view/cobol-programming-new/,Yes,No,Knowledge & Skills
Computer Science (New),/products/product-catalog/view/computer-science-new/,Yes,No,Knowledge & Skills
Contact Center Call Simulation (New),/products/product-catalog/view/contact-center-call-simulation-new/,Yes,No,Simulations
Conversational Multichat Simulation,/products/product-catalog/view/conversational-multichat-simulation/,Yes,No,Simulations
Core Java (Advanced Level) (New),/products/product-catalog/view/core-java-advanced-level-new/,Yes,No,Knowledge & Skills
Core Java (Entry Level) (New),/products/product-catalog/view/core-java-entry-level-new/,Yes,No,Knowledge & Skills
Count Out The Money,/products/product-catalog/view/count-out-the-money/,Yes,No,"Knowledge & Skills, Simulations"
CSS3 (New),/products/product-catalog/view/css3-new/,Yes,No,Knowledge & Skills
Culinary Skills (New),/products/product-catalog/view/culinary-skills-new/,Yes,No,Knowledge & Skills
Customer Service Phone Simulation,/products/product-catalog/view/customer-service-phone-simulation/,Yes,No,"Biodata & Situational Judgement, Simulations"
Customer Service Phone Solution,/products/product-catalog/view/customer-service-phone-solution/,Yes,No,"Biodata & Situational Judgement, Personality & Behavior, Simulations"
Cyber Risk (New),/products/product-catalog/view/cyber-risk-new/,Yes,No,Knowledge & Skills
Data Entry (New),/products/product-catalog/view/data-entry-new/,Yes,No,Simulations
Data Entry Alphanumeric Split Screen - US,/products/product-catalog/view/data-entry-alphanumeric-split-screen-us/,Yes,No,Knowledge & Skills
Data Entry Numeric Split Screen - US,/products/product-catalog/view/data-entry-numeric-split-screen-us/,Yes,No,Knowledge & Skills
Data Entry Ten Key Split Screen,/products/product-catalog/view/data-entry-ten-key-split-screen/,Yes,No,Knowledge & Skills
Data Science (New),/products/product-catalog/view/data-science-new/,Yes,No,Knowledge & Skills
Data Warehousing Concepts,/products/product-catalog/view/data-warehousing-concepts/,Yes,No,Knowledge & Skills
Dependability and Safety Instrument (DSI),/products/product-catalog/view/dependability-and-safety-instrument-dsi/,Yes,No,Personality & Behavior
Dermatology (New),/products/product-catalog/view/dermatology-new/,Yes,No,Knowledge & Skills
Desktop Support (New),/products/product-catalog/view/desktop-support-new/,Yes,No,Knowledge & Skills
Digital Advertising (New),/products/product-catalog/view/digital-advertising-new/,Yes,No,Knowledge & Skills
Digital Readiness Development Report - IC,/products/product-catalog/view/digital-readiness-development-report/,Yes,No,Personality & Behavior
Digital Readiness Development Report - Manager,/products/product-catalog/view/digital-readiness-development-report-manager/,Yes,No,Personality & Behavior
Docker (New),/products/product-catalog/view/docker-new/,Yes,No,Knowledge & Skills
Dojo (New),/products/product-catalog/view/dojo-new/,Yes,No,Knowledge & Skills
Drupal (New),/products/product-catalog/view/drupal-new/,Yes,No,Knowledge & Skills
DSI v1.1 Interpretation Report,/products/product-catalog/view/dsi-v1-1-interpretation-report/,Yes,No,Personality & Behavior
Econometrics (New),/products/product-catalog/view/econometrics-new/,Yes,No,Knowledge & Skills
Economics (New),/products/product-catalog/view/economics-new/,Yes,No,Knowledge & Skills
Electrical and Electronics Engineering (New),/products/product-catalog/view/electrical-and-electronics-engineering-new/,Yes,No,Knowledge & Skills
Electrical Engineering (New),/products/product-catalog/view/electrical-engineering-new/,Yes,No,Knowledge & Skills
Electronics & Telecommunications Engineering (New),/products/product-catalog/view/electronics-and-telecommunications-engineering-new/,Yes,No,Knowledge & Skills
Electronics and Embedded Systems Engineering (New),/products/product-catalog/view/electronics-and-embedded-systems-engineering-new/,Yes,No,Knowledge & Skills
Electronics and Semiconductor Engineering (New),/products/product-catalog/view/electronics-and-semiconductor-engineering-new/,Yes,No,Knowledge & Skills
English Comprehension (New),/products/product-catalog/view/english-comprehension-new/,Yes,No,Knowledge & Skills
Enterprise Java Beans (New),/products/product-catalog/view/enterprise-java-beans-new/,Yes,No,Knowledge & Skills
Enterprise Leadership Report 1.0,/products/product-catalog/view/enterprise-leadership-report/,Yes,No,Personality & Behavior
Enterprise Leadership Report 2.0,/products/product-catalog/view/enterprise-leadership-report-2-0/,Yes,No,Personality & Behavior
Entry Level Cashier Solution,/products/product-catalog/view/entry-level-cashier-solution/,Yes,No,"Competencies, Personality & Behavior"
Entry Level Customer Serv-Retail & Contact Center,/products/product-catalog/view/entry-level-customer-serv-retail-and-contact-center/,Yes,No,"Personality & Behavior, Competencies"
Entry Level Customer Service (General) Solution,/products/product-catalog/view/entry-level-customer-service-general-solution/,Yes,No,"Competencies, Personality & Behavior"
Entry Level Hotel Front Desk Solution,/products/product-catalog/view/entry-level-hotel-front-desk-solution/,Yes,No,"Competencies, Personality & Behavior"
Entry Level Sales Solution,/products/product-catalog/view/entry-level-sales-solution/,Yes,No,"Competencies, Personality & Behavior"
Entry Level Technical Support Solution,/products/product-catalog/view/entry-level-technical-support-solution/,Yes,No,"Personality & Behavior, Competencies"
ETL Testing (New),/products/product-catalog/view/etl-testing-new/,Yes,No,Knowledge & Skills
Executive Scenarios,/products/product-catalog/view/executive-scenarios/,Yes,No,Biodata & Situational Judgement
Executive Scenarios Narrative Report,/products/product-catalog/view/executive-scenarios-narrative-report/,Yes,No,Biodata & Situational Judgement
Executive Scenarios Profile Report,/products/product-catalog/view/executive-scenarios-profile-report/,Yes,No,Biodata & Situational Judgement
ExpressJS (New),/products/product-catalog/view/expressjs-new/,Yes,No,Knowledge & Skills
Filing - Names (R1),/products/product-catalog/view/filing-names-r1/,Yes,No,Knowledge & Skills
Filing - Numbers,/products/product-catalog/view/filing-numbers/,Yes,No,Knowledge & Skills
Financial Accounting (New),/products/product-catalog/view/financial-accounting-new/,Yes,No,Knowledge & Skills
Financial and Banking Services (New),/products/product-catalog/view/financial-and-banking-services-new/,Yes,No,Knowledge & Skills
Fire Engineering (New),/products/product-catalog/view/fire-engineering-new/,Yes,No,Knowledge & Skills
Following Instructions v1 - UK (R1),/products/product-catalog/view/following-instructions-v1-uk-r1/,Yes,No,Knowledge & Skills
Following Instructions v1 - US (R2),/products/product-catalog/view/following-instructions-v1-us-r2/,Yes,No,Knowledge & Skills
Food and Beverage Services (New),/products/product-catalog/view/food-and-beverage-services-new/,Yes,No,Knowledge & Skills
Food Science (New),/products/product-catalog/view/food-science-new/,Yes,No,Knowledge & Skills
Front Office Management (New),/products/product-catalog/view/front-office-management-new/,Yes,No,Knowledge & Skills
Fundamentals of Chemistry (New),/products/product-catalog/view/fundamentals-of-chemistry-new/,Yes,No,Knowledge & Skills
Fundamentals of Physics (New),/products/product-catalog/view/fundamentals-of-physics-new/,Yes,No,Knowledge & Skills
General Diseases (New),/products/product-catalog/view/general-diseases-new/,Yes,No,Knowledge & Skills
Geoinformatics Engineering (New),/products/product-catalog/view/geoinformatics-engineering-new/,Yes,No,Knowledge & Skills
Geoscience Engineering (New),/products/product-catalog/view/geoscience-engineering-new/,Yes,No,Knowledge & Skills
GIT (New),/products/product-catalog/view/git-new/,Yes,No,Knowledge & Skills
Global Skills Assessment,/products/product-catalog/view/global-skills-assessment/,Yes,No,"Competencies, Knowledge & Skills"
Graduate Scenarios,/products/product-catalog/view/graduate-scenarios/,Yes,No,Biodata & Situational Judgement
Graduate Scenarios Narrative Report,/products/product-catalog/view/graduate-scenarios-narrative-report/,Yes,No,Biodata & Situational Judgement
Graduate Scenarios Profile Report,/products/product-catalog/view/graduate-scenarios-profile-report/,Yes,No,Biodata & Situational Judgement
Hibernate (New),/products/product-catalog/view/hibernate-new/,Yes,No,Knowledge & Skills
HIPAA (Security),/products/product-catalog/view/hipaa-security/,Yes,No,Knowledge & Skills
HiPo Assessment Report 1.0,/products/product-catalog/view/hipo-assessment-report-1-0/,Yes,No,"Competencies, Personality & Behavior"
HiPo Assessment Report 2.0,/products/product-catalog/view/hipo-assessment-report-2-0/,Yes,No,"Competencies, Personality & Behavior"
HiPo Unlocking Potential Report 2.0,/products/product-catalog/view/hipo-unlocking-potential-report-2-0/,Yes,No,Competencies
Housekeeping (New),/products/product-catalog/view/housekeeping-new/,Yes,No,Knowledge & Skills
HTML/CSS (New),/products/product-catalog/view/htmlcss-new/,Yes,No,Knowledge & Skills
HTML5 (New),/products/product-catalog/view/html5-new/,Yes,No,Knowledge & Skills
Human Resources (New),/products/product-catalog/view/human-resources-new/,Yes,No,Knowledge & Skills
IBM DataStage (New),/products/product-catalog/view/ibm-datastage-new/,Yes,No,Knowledge & Skills
IBM Sterling Order Management System (New),/products/product-catalog/view/ibm-sterling-order-management-system-new/,Yes,No,Knowledge & Skills
Industrial Engineering (New),/products/product-catalog/view/industrial-engineering-new/,Yes,No,Knowledge & Skills
Informatica (Architecture) (New),/products/product-catalog/view/informatica-architecture-new/,Yes,No,Knowledge & Skills
Informatica (Developer) (New),/products/product-catalog/view/informatica-developer-new/,Yes,No,Knowledge & Skills
Instrumentation Engineering (New),/products/product-catalog/view/instrumentation-engineering-new/,Yes,No,Knowledge & Skills
Interpersonal Communications,/products/product-catalog/view/interpersonal-communications/,Yes,No,Knowledge & Skills
Interviewing and Hiring Concepts (U.S.),/products/product-catalog/view/interviewing-and-hiring-concepts-u-s/,Yes,No,Knowledge & Skills
iOS Development (New),/products/product-catalog/view/ios-development-new/,Yes,No,Knowledge & Skills
ITIL (IT Infrastructure Library) (New),/products/product-catalog/view/itil-it-infrastructure-library-new/,Yes,No,Knowledge & Skills
Java 2 Platform Enterprise Edition 1.4 Fundamental,/products/product-catalog/view/java-2-platform-enterprise-edition-1-4-fundamental/,Yes,No,Knowledge & Skills
Java 8 (New),/products/product-catalog/view/java-8-new/,Yes,No,Knowledge & Skills
Java Design Patterns (New),/products/product-catalog/view/java-design-patterns-new/,Yes,No,Knowledge & Skills
Java Frameworks (New),/products/product-catalog/view/java-frameworks-new/,Yes,No,Knowledge & Skills
Java Platform Enterprise Edition 7 (Java EE 7),/products/product-catalog/view/java-platform-enterprise-edition-7-java-ee-7/,Yes,No,Knowledge & Skills
Java Web Services (New),/products/product-catalog/view/java-web-services-new/,Yes,No,Knowledge & Skills
JavaScript (New),/products/product-catalog/view/javascript-new/,Yes,No,Knowledge & Skills
Jenkins (New),/products/product-catalog/view/jenkins-new/,Yes,No,Knowledge & Skills
Job Control Language (New),/products/product-catalog/view/job-control-language-new/,Yes,No,Knowledge & Skills
jQuery (New),/products/product-catalog/view/jquery-new/,Yes,No,Knowledge & Skills
Kubernetes (New),/products/product-catalog/view/kubernetes-new/,Yes,No,Knowledge & Skills
Linux Administration (New),/products/product-catalog/view/linux-administration-new/,Yes,No,Knowledge & Skills
Linux Operating System,/products/product-catalog/view/linux-operating-system/,Yes,No,Knowledge & Skills
Linux Programming (General),/products/product-catalog/view/linux-programming-general/,Yes,No,Knowledge & Skills
Load Runner (New),/products/product-catalog/view/load-runner-new/,Yes,No,Knowledge & Skills
Management Scenarios,/products/product-catalog/view/management-scenarios/,Yes,No,Biodata & Situational Judgement
Managerial Scenarios Candidate Report,/products/product-catalog/view/managerial-scenarios-candidate-report/,Yes,No,Biodata & Situational Judgement
Managerial Scenarios Narrative Report,/products/product-catalog/view/managerial-scenarios-narrative-report/,Yes,No,Biodata & Situational Judgement
Managerial Scenarios Profile Report,/products/product-catalog/view/managerial-scenarios-profile-report/,Yes,No,Biodata & Situational Judgement
Manual Testing (New),/products/product-catalog/view/manual-testing-new/,Yes,No,Knowledge & Skills
Manufac. & Indust. - Mechanical & Vigilance 8.0,/products/product-catalog/view/mechanical-and-vigilance-focus-8-0/,Yes,No,"Ability & Aptitude, Personality & Behavior"
Manufac. & Indust. - Safety & Dependability 8.0,/products/product-catalog/view/safety-and-dependability-focus-8-0/,Yes,No,Personality & Behavior
Manufacturing & Industrial - Essential Focus 8.0,/products/product-catalog/view/essential-focus-8-0/,Yes,No,Personality & Behavior
Manufacturing & Industrial - Mechanical Focus 8.0,/products/product-catalog/view/mechanical-focus-8-0/,Yes,No,"Ability & Aptitude, Personality & Behavior"
Manufacturing & Industrial - Vigilance Focus 8.0,/products/product-catalog/view/vigilance-focus-8-0/,Yes,No,"Ability & Aptitude, Personality & Behavior"
Marketing (New),/products/product-catalog/view/marketing-new/,Yes,No,Knowledge & Skills
Maven (New),/products/product-catalog/view/maven-new/,Yes,No,Knowledge & Skills
Mechanical Engineering (New),/products/product-catalog/view/mechanical-engineering-new/,Yes,No,Knowledge & Skills
Mechatronics Engineering (New),/products/product-catalog/view/mechatronics-engineering-new/,Yes,No,Knowledge & Skills
Medical Terminology (New),/products/product-catalog/view/medical-terminology-new/,Yes,No,Knowledge & Skills
Metallurgical Engineering (New),/products/product-catalog/view/metallurgical-engineering-new/,Yes,No,Knowledge & Skills
MFS 360 Enterprise Leadership Report,/products/product-catalog/view/mfs-360-enterprise-leadership-report/,Yes,No,Development & 360
MFS 360 UCF Group Report,/products/product-catalog/view/mfs-360-ucf-group-report/,Yes,No,Development & 360
MFS 360 UCF Performance Potential Dev Tips Report,/products/product-catalog/view/mfs-360-ucf-performance-potential-dev-tips-report/,Yes,No,Development & 360
MFS 360 UCF Standard Report,/products/product-catalog/view/mfs-360-ucf-standard-report/,Yes,No,Development & 360
Micro Focus Unified Functional Testing (New),/products/product-catalog/view/micro-focus-unified-functional-testing-new/,Yes,No,Knowledge & Skills
Microservices (New),/products/product-catalog/view/microservices-new/,Yes,No,Knowledge & Skills
Microsoft Dynamics Development (New),/products/product-catalog/view/microsoft-dynamics-development-new/,Yes,No,Knowledge & Skills
Microsoft Excel 365 - Essentials (New),/products/product-catalog/view/microsoft-excel-365-essentials-new/,Yes,No,"Knowledge & Skills, Simulations"
Microsoft Excel 365 (New),/products/product-catalog/view/microsoft-excel-365-new/,Yes,No,"Knowledge & Skills, Simulations"
Microsoft Outlook 2013 (adaptive),/products/product-catalog/view/microsoft-outlook-2013-adaptive/,Yes,No,Knowledge & Skills
Microsoft PowerPoint 365 - Essentials (New),/products/product-catalog/view/microsoft-powerpoint-365-essentials-new/,Yes,No,"Knowledge & Skills, Simulations"
Microsoft SQL Server 2014 Programming,/products/product-catalog/view/microsoft-sql-server-2014-programming/,Yes,No,Knowledge & Skills
Microsoft Windows Server 2012 Administration,/products/product-catalog/view/microsoft-windows-server-2012-administration/,Yes,No,Knowledge & Skills
Microsoft Word 365 - Essentials (New),/products/product-catalog/view/microsoft-word-365-essentials-new/,Yes,No,"Knowledge & Skills, Simulations"
Microsoft Word 365 (New),/products/product-catalog/view/microsoft-word-365-new/,Yes,No,"Simulations, Knowledge & Skills"
Mineral Engineering (New),/products/product-catalog/view/mineral-engineering-new/,Yes,No,Knowledge & Skills
Mining Engineering (New),/products/product-catalog/view/mining-engineering-new/,Yes,No,Knowledge & Skills
Mobility (New),/products/product-catalog/view/mobility-new/,Yes,No,Knowledge & Skills
Molecular Biology (New),/products/product-catalog/view/molecular-biology-new/,Yes,No,Knowledge & Skills
MongoDB (New),/products/product-catalog/view/mongodb-new/,Yes,No,Knowledge & Skills
Motivation Questionnaire MQM5,/products/product-catalog/view/motivation-questionnaire-mqm5/,Yes,No,Personality & Behavior
MQ Candidate Motivation Report,/products/product-catalog/view/mq-candidate-motivation-report/,Yes,No,Personality & Behavior
MQ Employee Motivation Report,/products/product-catalog/view/mq-employee-motivation-report/,Yes,No,Personality & Behavior
MQ Motivation Report Pack,/products/product-catalog/view/mq-motivation-report-pack/,Yes,No,Personality & Behavior
MQ Profile,/products/product-catalog/view/mq-profile/,Yes,No,Personality & Behavior
MS Access (New),/products/product-catalog/view/ms-access-new/,Yes,No,Knowledge & Skills
MS Excel (New),/products/product-catalog/view/ms-excel-new/,Yes,No,Knowledge & Skills
MS Office Basic Computer Literacy (New),/products/product-catalog/view/ms-office-basic-computer-literacy-new/,Yes,No,Knowledge & Skills
MS Office Basic Computer Literacy (Sim) (New),/products/product-catalog/view/ms-office-basic-computer-literacy-sim-new/,Yes,No,Simulations
MS PowerPoint (New),/products/product-catalog/view/ms-powerpoint-new/,Yes,No,Knowledge & Skills
MS Word (New),/products/product-catalog/view/ms-word-new/,Yes,No,Knowledge & Skills
MuleSoft Development (New),/products/product-catalog/view/mulesoft-development-new/,Yes,No,Knowledge & Skills
Multitasking Ability,/products/product-catalog/view/multitasking-ability/,Yes,No,"Ability & Aptitude, Knowledge & Skills, Simulations"
Networking and Implementation (New),/products/product-catalog/view/networking-and-implementation-new/,Yes,No,Knowledge & Skills
Node.js (New),/products/product-catalog/view/node-js-new/,Yes,No,Knowledge & Skills
Nursing (New),/products/product-catalog/view/nursing-new/,Yes,No,Knowledge & Skills
Occupational Personality Questionnaire OPQ32r,/products/product-catalog/view/occupational-personality-questionnaire-opq32r/,Yes,No,Personality & Behavior
Operations Management (New),/products/product-catalog/view/operations-management-new/,Yes,No,Knowledge & Skills
OPQ Candidate Plus Report,/products/product-catalog/view/opq-candidate-plus-report/,Yes,No,Personality & Behavior
OPQ Candidate Report 2.0,/products/product-catalog/view/opq-candidate-report-2-0/,Yes,No,Personality & Behavior
OPQ Emotional Intelligence Report,/products/product-catalog/view/opq-emotional-intelligence-report/,Yes,No,Personality & Behavior
OPQ Leadership Report,/products/product-catalog/view/opq-leadership-report/,Yes,No,Personality & Behavior
OPQ Manager Plus Report,/products/product-catalog/view/opq-manager-plus-report/,Yes,No,Personality & Behavior
OPQ Manager Plus Report 2.0,/products/product-catalog/view/opq-manager-plus-report-2-0/,Yes,No,Personality & Behavior
OPQ Maximising your Learning Report,/products/product-catalog/view/opq-maximising-your-learning-report/,Yes,No,Personality & Behavior
OPQ MQ Sales Report,/products/product-catalog/view/opq-mq-sales-report/,Yes,No,Personality & Behavior
OPQ Premium Plus Report,/products/product-catalog/view/opq-premium-plus-report/,Yes,No,Personality & Behavior
OPQ Premium Plus Report 2.0,/products/product-catalog/view/opq-premium-plus-report-2-0/,Yes,No,Personality & Behavior
OPQ Profile Report,/products/product-catalog/view/opq-profile-report/,Yes,No,Personality & Behavior
OPQ Team Impact Group Development Report,/products/product-catalog/view/opq-team-impact-group-development-report/,Yes,No,Personality & Behavior
OPQ Team Impact Individual Development Report,/products/product-catalog/view/opq-team-impact-individual-development-report/,Yes,No,Personality & Behavior
OPQ Team Impact Selection Report,/products/product-catalog/view/opq-team-impact-selection-report/,Yes,No,Personality & Behavior
OPQ Team Types & Leadership Styles Profile,/products/product-catalog/view/opq-team-types-and-leadership-styles-profile/,Yes,No,Personality & Behavior
OPQ Team Types and Leadership Styles Report,/products/product-catalog/view/opq-team-types-and-leadership-styles-report/,Yes,No,Personality & Behavior
OPQ UCF Development Action Planner Report 1.0,/products/product-catalog/view/opq-ucf-development-action-planner-report/,Yes,No,Personality & Behavior
OPQ UCF Development Action Planner Report 2.0,/products/product-catalog/view/opq-ucf-development-action-planner-report-2-0/,Yes,No,Personality & Behavior
OPQ Universal Competency Report 1.0,/products/product-catalog/view/opq-universal-competency-report/,Yes,No,Personality & Behavior
OPQ Universal Competency Report 2.0,/products/product-catalog/view/opq-universal-competency-report-2-0/,Yes,No,Personality & Behavior
OPQ User and Managers Report,/products/product-catalog/view/opq-user-and-managers-report/,Yes,No,Personality & Behavior
OPQ User Report,/products/product-catalog/view/opq-user-report/,Yes,No,"Personality & Behavior, Simulations"
Oracle DBA (Advanced Level) (New),/products/product-catalog/view/oracle-dba-advanced-level-new/,Yes,No,Knowledge & Skills
Oracle DBA (Entry Level) (New),/products/product-catalog/view/oracle-dba-entry-level-new/,Yes,No,Knowledge & Skills
Oracle PL/SQL (New),/products/product-catalog/view/oracle-plsql-new/,Yes,No,Knowledge & Skills
Oracle WebLogic Server (New),/products/product-catalog/view/oracle-weblogic-server-new/,Yes,No,Knowledge & Skills
Organic Chemistry (New),/products/product-catalog/view/organic-chemistry-new/,Yes,No,Knowledge & Skills
Paint Technology (New),/products/product-catalog/view/paint-technology-new/,Yes,No,Knowledge & Skills
Pediatrics (New),/products/product-catalog/view/pediatrics-new/,Yes,No,Knowledge & Skills
Pega Development (New),/products/product-catalog/view/pega-development-new/,Yes,No,Knowledge & Skills
Perl (New),/products/product-catalog/view/perl-new/,Yes,No,Knowledge & Skills
Petrochemical Engineering (New),/products/product-catalog/view/petrochemical-engineering-new/,Yes,No,Knowledge & Skills
Petroleum Engineering (New),/products/product-catalog/view/petroleum-engineering-new/,Yes,No,Knowledge & Skills
Pharmaceutical Analysis (New),/products/product-catalog/view/pharmaceutical-analysis-new/,Yes,No,Knowledge & Skills
Pharmaceutical Chemistry (New),/products/product-catalog/view/pharmaceutical-chemistry-new/,Yes,No,Knowledge & Skills
Pharmaceutical Science (New),/products/product-catalog/view/pharmaceutical-science-new/,Yes,No,Knowledge & Skills
Pharmaceutics (New),/products/product-catalog/view/pharmaceutics-new/,Yes,No,Knowledge & Skills
Pharmacology (New),/products/product-catalog/view/pharmacology-new/,Yes,No,Knowledge & Skills
PHP (New),/products/product-catalog/view/php-new/,Yes,No,Knowledge & Skills
PJM Development Report,/products/product-catalog/view/pjm-development-report/,Yes,No,"Competencies, Ability & Aptitude, Personality & Behavior"
PJM Selection Report,/products/product-catalog/view/pjm-selection-report/,Yes,No,"Ability & Aptitude, Competencies, Personality & Behavior"
Polymer Engineering (New),/products/product-catalog/view/polymer-engineering-new/,Yes,No,Knowledge & Skills
Power Electronics and Drives (New),/products/product-catalog/view/power-electronics-and-drives-new/,Yes,No,Knowledge & Skills
Power System Engineering (New),/products/product-catalog/view/power-system-engineering-new/,Yes,No,Knowledge & Skills
Prism (New),/products/product-catalog/view/prism-new/,Yes,No,Knowledge & Skills
Production and Industrial Engineering (New),/products/product-catalog/view/production-and-industrial-engineering-new/,Yes,No,Knowledge & Skills
Production Engineering (New),/products/product-catalog/view/production-engineering-new/,Yes,No,Knowledge & Skills
Programming Concepts,/products/product-catalog/view/programming-concepts/,Yes,No,Knowledge & Skills
Project Management (2013),/products/product-catalog/view/project-management-2013/,Yes,No,Knowledge & Skills
Proofreading v1,/products/product-catalog/view/proofreading-v1/,Yes,No,Knowledge & Skills
Python (New),/products/product-catalog/view/python-new/,Yes,No,Knowledge & Skills
R Programming (New),/products/product-catalog/view/r-programming-new/,Yes,No,Knowledge & Skills
ReactJS (New),/products/product-catalog/view/reactjs-new/,Yes,No,Knowledge & Skills
Reading Comprehension - English v1,/products/product-catalog/view/reading-comprehension-english-v1/,Yes,No,Ability & Aptitude
Reading Comprehension - Spanish v1,/products/product-catalog/view/reading-comprehension-spanish-v1/,Yes,No,Ability & Aptitude
Reading Comprehension v2,/products/product-catalog/view/reading-comprehension-v2/,Yes,No,Ability & Aptitude
RemoteWorkQ,/products/product-catalog/view/remoteworkq/,Yes,No,Competencies
RemoteWorkQ Manager Report,/products/product-catalog/view/remoteworkq-manager-report/,Yes,No,Competencies
RemoteWorkQ Participant Report,/products/product-catalog/view/remoteworkq-participant-report/,Yes,No,Competencies
RESTful Web Services (New),/products/product-catalog/view/restful-web-services-new/,Yes,No,Knowledge & Skills
Retail Sales and Service Simulation,/products/product-catalog/view/retail-sales-and-service-simulation/,Yes,No,"Biodata & Situational Judgement, Knowledge & Skills, Simulations, Ability & Aptitude"
Reviewing Forms - US (R1),/products/product-catalog/view/reviewing-forms-us-r1/,Yes,No,Knowledge & Skills
Ruby (New),/products/product-catalog/view/ruby-new/,Yes,No,Knowledge & Skills
Ruby on Rails (New),/products/product-catalog/view/ruby-on-rails-new/,Yes,No,Knowledge & Skills
Sales & Service Phone Simulation,/products/product-catalog/view/sales-and-service-phone-simulation/,Yes,No,"Simulations, Biodata & Situational Judgement"
Sales & Service Phone Solution,/products/product-catalog/view/sales-and-service-phone-solution/,Yes,No,"Biodata & Situational Judgement, Personality & Behavior, Simulations"
Sales Interview Guide,/products/product-catalog/view/sales-interview-guide/,Yes,No,"Personality & Behavior, Personality & Behavior"
Sales Profiler Cards,/products/product-catalog/view/sales-profiler-cards/,Yes,No,Personality & Behavior
Sales Transformation 1.0 - Individual Contributor,/products/product-catalog/view/sales-transformation-report-individual-contributor/,Yes,No,Personality & Behavior
Sales Transformation 2.0 - Individual Contributor,/products/product-catalog/view/salestransformationreport2-0-individualcontributor/,Yes,No,Personality & Behavior
Sales Transformation Report 1.0 - Sales Manager,/products/product-catalog/view/sales-transformation-report-sales-manager/,Yes,No,Personality & Behavior
Sales Transformation Report 2.0 - Sales Manager,/products/product-catalog/view/sales-transformation-report-2-0-sales-manager/,Yes,No,Personality & Behavior
Salesforce Development (New),/products/product-catalog/view/salesforce-development-new/,Yes,No,Knowledge & Skills
SAP ABAP (Advanced Level) (New),/products/product-catalog/view/sap-abap-advanced-level-new/,Yes,No,Knowledge & Skills
SAP ABAP (Intermediate Level) (New),/products/product-catalog/view/sap-abap-intermediate-level-new/,Yes,No,Knowledge & Skills
SAP Basis (New),/products/product-catalog/view/sap-basis-new/,Yes,No,Knowledge & Skills
SAP Business Objects WebI (New),/products/product-catalog/view/sap-business-objects-webi-new/,Yes,No,Knowledge & Skills
SAP BW (Business Warehouse) (New),/products/product-catalog/view/sap-bw-business-warehouse-new/,Yes,No,Knowledge & Skills
SAP HCM (Human Capital Management) (New),/products/product-catalog/view/sap-hcm-human-capital-management-new/,Yes,No,Knowledge & Skills
SAP Hybris (New),/products/product-catalog/view/sap-hybris-new/,Yes,No,Knowledge & Skills
SAP Materials Management (New),/products/product-catalog/view/sap-materials-management-new/,Yes,No,Knowledge & Skills
SAP SD (Sales and Distribution) (New),/products/product-catalog/view/sap-sd-sales-and-distribution-new/,Yes,No,Knowledge & Skills
Search Engine Optimization (New),/products/product-catalog/view/search-engine-optimization-new/,Yes,No,Knowledge & Skills
Selenium (New),/products/product-catalog/view/selenium-new/,Yes,No,Knowledge & Skills
Shell Scripting (New),/products/product-catalog/view/shell-scripting-new/,Yes,No,Knowledge & Skills
SHL Verify Interactive - Inductive Reasoning,/products/product-catalog/view/shl-verify-interactive-inductive-reasoning/,Yes,No,"Ability & Aptitude, Simulations"
SHL Verify Interactive – Deductive Reasoning,/products/product-catalog/view/shl-verify-interactive-deductive-reasoning/,Yes,No,"Ability & Aptitude, Simulations"
SHL Verify Interactive – Numerical Reasoning,/products/product-catalog/view/shl-verify-interactive-numerical-reasoning/,Yes,No,"Ability & Aptitude, Simulations"
SHL Verify Interactive G+,/products/product-catalog/view/shl-verify-interactive-g/,Yes,No,Ability & Aptitude
SHL Verify Interactive Numerical Calculation,/products/product-catalog/view/shl-verify-interactive-numerical-calculation/,Yes,No,Ability & Aptitude
Siebel Development (New),/products/product-catalog/view/siebel-development-new/,Yes,No,Knowledge & Skills
Smart Interview Live,/products/product-catalog/view/smart-interview-live/,Yes,No,Personality & Behavior
Smart Interview Live Coding,/products/product-catalog/view/smart-interview-live-coding/,Yes,No,Knowledge & Skills
Smart Interview On Demand,/products/product-catalog/view/smart-interview-on-demand/,Yes,No,Personality & Behavior
Social Media (New),/products/product-catalog/view/social-media-new/,Yes,No,Knowledge & Skills
Software Business Analysis,/products/product-catalog/view/software-business-analysis/,Yes,No,Knowledge & Skills
SonarQube (New),/products/product-catalog/view/sonarqube-new/,Yes,No,Knowledge & Skills
Spelling (U.S.) (New),/products/product-catalog/view/spelling-u-s-new/,Yes,No,Knowledge & Skills
Split Screen Typing Test - Form 1,/products/product-catalog/view/split-screen-typing-test-form-1/,Yes,No,"Ability & Aptitude, Knowledge & Skills"
Spring (New),/products/product-catalog/view/spring-new/,Yes,No,Knowledge & Skills
SQL (New),/products/product-catalog/view/sql-new/,Yes,No,Knowledge & Skills
SQL Server (New),/products/product-catalog/view/sql-server-new/,Yes,No,Knowledge & Skills
SQL Server Analysis Services (SSAS) (New),/products/product-catalog/view/sql-server-analysis-services-%28ssas%29-%28new%29/,Yes,No,Knowledge & Skills
SQL Server Integration Services (SSIS) (New),/products/product-catalog/view/sql-server-integration-services-ssis-new/,Yes,No,Knowledge & Skills
SQL Server Reporting Services (SSRS) (New),/products/product-catalog/view/sql-server-reporting-services-ssrs-new/,Yes,No,Knowledge & Skills
Statistical Analysis System (New),/products/product-catalog/view/statistical-analysis-system-new/,Yes,No,Knowledge & Skills
Struts (New),/products/product-catalog/view/struts-new/,Yes,No,Knowledge & Skills
SVAR - Spoken English (AUS),/products/product-catalog/view/svar-spoken-english-aus/,Yes,No,Simulations
SVAR - Spoken English (Indian Accent)  (New),/products/product-catalog/view/svar-spoken-english-indian-accent-new/,Yes,No,Simulations
SVAR - Spoken English (U.K.),/products/product-catalog/view/svar-spoken-english-u-k/,Yes,No,Simulations
SVAR - Spoken English (US)  (New),/products/product-catalog/view/svar-spoken-english-us-new/,Yes,No,Simulations
SVAR - Spoken French (Canadian) (New),/products/product-catalog/view/svar-spoken-french-canadian-new/,Yes,No,Simulations
SVAR - Spoken French (European) (New),/products/product-catalog/view/svar-spoken-french-european-new/,Yes,No,Simulations
SVAR - Spoken Spanish (Castilian) (New),/products/product-catalog/view/svar-spoken-spanish-castilian-new/,Yes,No,Simulations
SVAR - Spoken Spanish (North American) (New),/products/product-catalog/view/svar-spoken-spanish-north-american-new/,Yes,No,Simulations
Swing (New),/products/product-catalog/view/swing-new/,Yes,No,Knowledge & Skills
Tableau (New),/products/product-catalog/view/tableau-new/,Yes,No,Knowledge & Skills
Telecommunications Engineering (New),/products/product-catalog/view/telecommunications-engineering-new/,Yes,No,Knowledge & Skills
Teradata Development (New),/products/product-catalog/view/teradata-development-new/,Yes,No,Knowledge & Skills
Time Management (U.S.),/products/product-catalog/view/time-management-u-s/,Yes,No,Knowledge & Skills
Training Development,/products/product-catalog/view/training-development/,Yes,No,Knowledge & Skills
Typing (New),/products/product-catalog/view/typing-new/,Yes,No,Simulations
UiPath RPA Development (New),/products/product-catalog/view/uipath-rpa-development-new/,Yes,No,Knowledge & Skills
Universal Competency Framework Interview Guide,/products/product-catalog/view/universal-competency-framework-interview-guide/,Yes,No,"Competencies, Personality & Behavior"
Universal Competency Framework Job profiling guide,/products/product-catalog/view/universal-competency-framework-job-profiling-guide/,Yes,No,"Competencies, Personality & Behavior"
Universal Competency Framework Profiler Cards (44),/products/product-catalog/view/universal-competency-framework-profiler-cards-44/,Yes,No,"Competencies, Personality & Behavior"
UNIX (New),/products/product-catalog/view/unix-new/,Yes,No,Knowledge & Skills
VB.NET (New),/products/product-catalog/view/vb-net-new/,Yes,No,Knowledge & Skills
Verify - Deductive Reasoning,/products/product-catalog/view/verify-deductive-reasoning/,Yes,No,Ability & Aptitude
Verify - Following Instructions,/products/product-catalog/view/verify-following-instructions/,Yes,No,Ability & Aptitude
Verify - G+,/products/product-catalog/view/verify-g/,Yes,No,Ability & Aptitude
Verify - General Ability Screen,/products/product-catalog/view/verify-general-ability-screen/,Yes,No,Ability & Aptitude
Verify - Inductive Reasoning (2014),/products/product-catalog/view/verify-inductive-reasoning-2014/,Yes,No,Ability & Aptitude
Verify - Numerical Ability,/products/product-catalog/view/verify-numerical-ability/,Yes,No,Ability & Aptitude
Verify - Technical Checking - Next Generation,/products/product-catalog/view/verify-technical-checking-next-generation/,Yes,No,Ability & Aptitude
Verify - Verbal Ability - Next Generation,/products/product-catalog/view/verify-verbal-ability-next-generation/,Yes,No,Ability & Aptitude
Verify - Working with Information,/products/product-catalog/view/verify-working-with-information/,Yes,No,Ability & Aptitude
Verify G+ - Ability Test Report,/products/product-catalog/view/verify-g-ability-test-report/,Yes,No,Ability & Aptitude
Verify G+ - Candidate Report,/products/product-catalog/view/verify-g-candidate-report/,Yes,No,Ability & Aptitude
Verify Interactive Ability Report,/products/product-catalog/view/verify-interactive-ability-report/,Yes,No,Ability & Aptitude
Verify Interactive G+ Candidate Report,/products/product-catalog/view/verify-interactive-g-candidate-report/,Yes,No,Ability & Aptitude
Verify Interactive G+ Report,/products/product-catalog/view/verify-interactive-g-report/,Yes,No,Ability & Aptitude
Verify Interactive Process Monitoring,/products/product-catalog/view/verify-interactive-process-monitoring/,Yes,No,Ability & Aptitude
Virtual Assessment and Development Centers,/products/product-catalog/view/virtual-assessment-and-development-centers/,Yes,No,Personality & Behavior
Visual Basic for Applications (New),/products/product-catalog/view/visual-basic-for-applications-new/,Yes,No,Knowledge & Skills
Visual Comparison - UK,/products/product-catalog/view/visual-comparison-uk/,Yes,No,Knowledge & Skills
Visual Comparison - US,/products/product-catalog/view/visual-comparison-us/,Yes,No,Knowledge & Skills
VLSI and Embedded Systems (New),/products/product-catalog/view/vlsi-and-embedded-systems-new/,Yes,No,Knowledge & Skills
What Is The Value - US,/products/product-catalog/view/what-is-the-value-us/,Yes,No,Knowledge & Skills
Workplace Administration Skills (New),/products/product-catalog/view/workplace-administration-skills-new/,Yes,No,Knowledge & Skills
Workplace Health and Safety (New),/products/product-catalog/view/workplace-health-and-safety-new/,Yes,No,Knowledge & Skills
WriteX - Email Writing (Customer Service) (New),/products/product-catalog/view/writex-email-writing-customer-service-new/,Yes,No,Simulations
WriteX - Email Writing (Managerial) (New),/products/product-catalog/view/writex-email-writing-managerial-new/,Yes,No,Simulations
WriteX - Email Writing (Sales) (New),/products/product-catalog/view/writex-email-writing-sales-new/,Yes,No,"Biodata & Situational Judgement, Simulations"
Written English v1,/products/product-catalog/view/written-english-v1/,Yes,No,Knowledge & Skills
Written Spanish,/products/product-catalog/view/written-spanish/,Yes,No,Knowledge & Skills
Zabbix (New),/products/product-catalog/view/zabbix-new/,Yes,No,Knowledge & Skills
360 Digital Report,/products/product-catalog/view/360-digital-report/,Yes,No,Development & 360
360° Multi-Rater Feedback System (MFS),/products/product-catalog/view/360-multi-rater-feedback-system-mfs/,Yes,No,"Development & 360, Personality & Behavior"
